[{"dni": "0914778584", "nombre": "silvia", "apellido": "maria", "dinero_disponible": 500, "tipo_cliente": "regular"}, {"dni": "1708264948", "nombre": "abran", "apellido": "ulcuango", "dinero_disponible": 66, "tipo_cliente": "regular"}, {"dni": "1710203694", "nombre": "eduardo", "apellido": "hernandez", "dinero_disponible": 500, "tipo_cliente": "regular"}, {"dni": "0955530282", "nombre": "william", "apellido": "garcia", "dinero_disponible": 9999, "tipo_cliente": "regular"}, {"dni": "1708232754", "nombre": "wills", "apellido": "garcia", "dinero_disponible": 90, "tipo_cliente": "vip"}, {"dni": "1712731809", "nombre": "luis", "apellido": "briones", "dinero_disponible": 9000, "tipo_cliente": "regular"}, {"dni": "1712230299", "nombre": "julia", "apellido": "munoz", "dinero_disponible": 900, "tipo_cliente": "vip"}, {"dni": "1600199317", "nombre": "ratael", "apellido": "correa", "dinero_disponible": 60, "tipo_cliente": "regular"}, {"dni": "1714805403", "nombre": "yenifer", "apellido": "tuis", "dinero_disponible": 600, "tipo_cliente": "vip"}, {"dni": "1718128489", "nombre": "rafael", "apellido": "parra", "dinero_disponible": 40, "tipo_cliente": "vip"}, {"dni": "1712937331", "nombre": "joffre", "apellido": "verdezoto", "dinero_disponible": 600, "tipo_cliente": "regular"}, {"dni": "1715051080", "nombre": "luis", "apellido": "zambrano", "dinero_disponible": 800, "tipo_cliente": "vip"}]