[{"factura": 9, "Fecha": "2024-04-28", "cliente": "vegeta super", "subtotal": 36.0, "descuento": 11.0, "iva": 11.88, "total": 35.85, "detalles": [{"producto": "aceite", "precio": 9, "cantidad": 4}]}, {"factura": 10, "Fecha": "2024-04-28", "cliente": "William Garcia", "subtotal": 23.0, "descuento": 2.3000000000000003, "iva": 2.48, "total": 23.18, "detalle": [{"producto": "aceite", "precio": 2.0, "cantidad": 4}, {"producto": "Mortadela", "precio": 2.5, "cantidad": 6}]}, {"factura": 11, "Fecha": "2024-04-28", "cliente": "zoe jael", "subtotal": 6.0, "descuento": 0.6000000000000001, "iva": 0.65, "total": 6.05, "detalle": [{"producto": "Coca Cola", "precio": 1.5, "cantidad": 4}]}, {"factura": 12, "Fecha": "2024-04-28", "cliente": "zoe jael", "subtotal": 15.0, "descuento": 1.5, "iva": 1.62, "total": 15.12, "detalle": [{"producto": "Mortadela", "precio": 2.5, "cantidad": 6}]}, {"factura": 13, "Fecha": "2024-04-28", "cliente": "zoe jael", "subtotal": 48.0, "descuento": 4.800000000000001, "iva": 5.18, "total": 48.38, "detalle": [{"producto": "Coca Cola", "precio": 1.5, "cantidad": 32}]}, {"factura": 14, "Fecha": "2024-04-28", "cliente": "William Garcia", "subtotal": 6.0, "descuento": 0.6000000000000001, "iva": 0.65, "total": 6.05, "detalle": [{"producto": "aceite", "precio": 2.0, "cantidad": 3}]}]